file,model,prompt,tokens,temperature,decision,reason
elastic-logstash-8467,gpt-35-turbo-16k,p4,912.0,0.0,no,"The changes involve only modifications to non-code elements (markdown file), which do not impact the operation of the application."
elastic-logstash-13683,gpt-35-turbo-16k,p4,956.0,0.0,no,"The changes involve only modifications to non-code elements, such as comments and markdown files, which do not impact the operation of the application."
elastic-logstash-2961,gpt-35-turbo-16k,p4,939.0,0.0,no,"The changes involve only modifications to non-code elements (markdown file), which do not impact the operation of the application."
elastic-logstash-23,gpt-35-turbo-16k,p4,1615.0,0.0,yes,"The changes involve modifications to source code, including adding new variables and modifying existing code, which could pose security concerns."
elastic-logstash-12751,gpt-35-turbo-16k,p4,1314.0,0.0,yes,"The changes involve modifying existing code, which could pose security concerns."
octodemo-demo-vulnerabilities-ghas-111,gpt-35-turbo-16k,p4,821.0,0.0,yes,The changes involve adding a new file with a SQL query that concatenates user input directly into the query string. This could lead to SQL injection vulnerabilities.
elastic-logstash-4098,gpt-35-turbo-16k,p4,1851.0,0.0,yes,"The changes involve modifying the version of the 'logstash-core' gem, which could impact the functionality and security of the application."
elastic-logstash-10234,gpt-35-turbo-16k,p4,,,yes,too many characters
elastic-logstash-14694,gpt-35-turbo-16k,p4,1154.0,0.0,yes,"The changes involve modifying the versions of dependencies used in the project, which could impact the security and functionality of the application."
elastic-logstash-9787,gpt-35-turbo-16k,p4,908.0,0.0,yes,"The changes involve modifying existing code, which could pose security concerns."
elastic-logstash-8655,gpt-35-turbo-16k,p4,993.0,0.0,yes,"The changes involve modifying existing code, which could pose security concerns."
elastic-logstash-12563,gpt-35-turbo-16k,p4,3171.0,0.0,yes,"The changes involve adding new imports and modifying existing code, which could pose security concerns."
elastic-logstash-10650,gpt-35-turbo-16k,p4,917.0,0.0,yes,"The changes involve modifying the version numbers in the logstash_releases.json file, which could impact the functionality and security of the application."
elastic-logstash-11782,gpt-35-turbo-16k,p4,1067.0,0.0,no,"The changes involve only modifications to non-code elements, such as comments and formatting, which do not impact the operation of the application."
elastic-logstash-15322,gpt-35-turbo-16k,p4,1226.0,0.0,yes,"The changes involve adding a new import statement and modifying existing code, which could pose security concerns."
elastic-logstash-8231,gpt-35-turbo-16k,p4,,,yes,too many characters
elastic-logstash-7279,gpt-35-turbo-16k,p4,,,yes,too many characters
elastic-logstash-12335,gpt-35-turbo-16k,p4,1527.0,0.0,yes,"The changes involve modifying existing code, which could potentially introduce security vulnerabilities."
elastic-logstash-6199,gpt-35-turbo-16k,p4,909.0,0.0,yes,"The changes involve modifying the Gemfile.jruby-1.9.lock file, which could impact the dependencies and potentially introduce security vulnerabilities."
elastic-logstash-10462,gpt-35-turbo-16k,p4,1904.0,0.0,yes,"The changes involve modifications to source code, including adding and removing code snippets, which could pose security concerns."
elastic-logstash-15110,gpt-35-turbo-16k,p4,1004.0,0.0,yes,"The changes involve modifying the load paths for the JRuby environment, which could impact the behavior and security of the application."
elastic-logstash-815,gpt-35-turbo-16k,p4,896.0,0.0,yes,"The changes involve adding new code to handle temporary files, which could pose security concerns."
elastic-logstash-4408,gpt-35-turbo-16k,p4,1382.0,0.0,yes,"The changes involve adding new methods and modifying existing code, which could pose security concerns."
elastic-logstash-9317,gpt-35-turbo-16k,p4,2148.0,0.0,yes,"The changes involve deleting the file 'Concurrent.java', which could impact the functionality and security of the application."
elastic-logstash-13213,gpt-35-turbo-16k,p4,3927.0,0.0,yes,"The changes involve modifying environment variables related to Java, which could impact the behavior and security of the application."
elastic-logstash-9919,gpt-35-turbo-16k,p4,979.0,0.0,yes,"The changes involve adding new test cases, which could impact the stability and performance of the application."
elastic-logstash-11544,gpt-35-turbo-16k,p4,1162.0,0.0,no,"The changes involve only modifications to markdown files, which do not impact the operation of the application."
elastic-logstash-14036,gpt-35-turbo-16k,p4,930.0,0.0,no,"The changes involve only modifications to non-code elements (GitHub workflow file), which do not impact the operation of the application."
elastic-logstash-9541,gpt-35-turbo-16k,p4,,,yes,too many characters
elastic-logstash-13677,gpt-35-turbo-16k,p4,,,yes,too many characters
elastic-logstash-2995,gpt-35-turbo-16k,p4,,,yes,too many characters
elastic-logstash-11120,gpt-35-turbo-16k,p4,959.0,0.0,no,"The changes involve only modifications to non-code elements (e.g., version numbers in an AsciiDoc file), which do not impact the operation of the application."
elastic-logstash-14452,gpt-35-turbo-16k,p4,1279.0,0.0,yes,"The changes involve modifications to the Gemfile, which could impact the dependencies and potentially introduce security vulnerabilities."
elastic-logstash-4850,gpt-35-turbo-16k,p4,926.0,0.0,yes,"The changes involve removing code snippets, which could impact the operation of the application."
elastic-logstash-5982,gpt-35-turbo-16k,p4,4236.0,0.0,yes,"The changes involve modifications to Gemfile, Gemfile.jruby-1.9.lock, logstash-core-event-java/lib/logstash-core-event-java/version.rb, logstash-core-event/lib/logstash-core-event/version.rb, logstash-core-plugin-api/logstash-core-plugin-api.gemspec, logstash-core/build.gradle, logstash-core/lib/jars.rb, logstash-core/lib/logstash-core/version.rb, logstash-core/lib/logstash/version.rb, logstash-core/logstash-core.gemspec, and versions.yml. These modifications could potentially introduce security vulnerabilities or impact the operation of the application."
elastic-logstash-9773,gpt-35-turbo-16k,p4,1487.0,0.0,no,"The changes involve only modifications to markdown files, which do not impact the operation of the application."
elastic-logstash-13445,gpt-35-turbo-16k,p4,4301.0,0.0,yes,"The changes involve modifications to source code, including adding new variables and modifying existing code."
elastic-logstash-1383,gpt-35-turbo-16k,p4,3361.0,0.0,yes,"The changes involve modifications to the firewall patterns, which could impact the security of the application."
elastic-logstash-7848,gpt-35-turbo-16k,p4,931.0,0.0,yes,"The changes involve modifying existing code by adding a new import statement and modifying the initialization of the 'cache' variable, which could pose security concerns."
elastic-logstash-8800,gpt-35-turbo-16k,p4,1888.0,0.0,yes,"The changes involve modifying the log4j2.properties file, which could impact the logging behavior of the application and potentially introduce security vulnerabilities."
elastic-logstash-7074,gpt-35-turbo-16k,p4,1249.0,0.0,yes,"The changes involve modifications to the code, including adding exception handling and additional assertions, which could impact the security and functionality of the application."
elastic-logstash-12904,gpt-35-turbo-16k,p4,1025.0,0.0,yes,"The changes involve modifying the Dockerfile, which could impact the security and functionality of the application."
elastic-logstash-5511,gpt-35-turbo-16k,p4,845.0,0.0,yes,"The changes involve adding a new require statement for the 'socket' module, which could pose security concerns."
elastic-logstash-7622,gpt-35-turbo-16k,p4,,,yes,too many characters
elastic-logstash-5175,gpt-35-turbo-16k,p4,1383.0,0.0,yes,"The changes involve modifying existing code, which could pose security concerns."
elastic-logstash-486,gpt-35-turbo-16k,p4,1406.0,0.0,yes,"The changes involve adding a new script file 'merge_services_files.sh', which could pose security concerns."
elastic-logstash-5949,gpt-35-turbo-16k,p4,1472.0,0.0,yes,"The changes involve adding new features and enhancements, which could introduce security vulnerabilities."
elastic-logstash-10039,gpt-35-turbo-16k,p4,1463.0,0.0,yes,"The changes involve modifications to source code, including adding new variables and modifying existing code, which could pose security concerns."
elastic-logstash-14499,gpt-35-turbo-16k,p4,1546.0,0.0,yes,"The changes involve modifying existing code, which could pose security concerns."
elastic-logstash-10805,gpt-35-turbo-16k,p4,3095.0,0.0,yes,"The changes involve adding new content to the documentation, which could impact the instructions for running Logstash on Windows."
elastic-logstash-2162,gpt-35-turbo-16k,p4,864.0,0.0,yes,"The changes involve adding new input directories for logstash, which could pose security concerns."
elastic-logstash-7410,gpt-35-turbo-16k,p4,2266.0,0.0,yes,"The changes involve adding new imports and modifying the setUp() method, which could pose security concerns."
elastic-logstash-6704,gpt-35-turbo-16k,p4,1050.0,0.0,yes,"The changes involve modifications to the build configuration file (.travis.yml), which could impact the security and stability of the application."
elastic-logstash-472,gpt-35-turbo-16k,p4,941.0,0.0,yes,"The changes involve adding new entries to the dictionary, which could pose security concerns if the new entries are not properly validated or sanitized."
elastic-logstash-1521,gpt-35-turbo-16k,p4,,,,
elastic-logstash-4261,gpt-35-turbo-16k,p4,2634.0,0.0,yes,"The changes involve modifications to existing code, which could pose security concerns."
elastic-logstash-11923,gpt-35-turbo-16k,p4,929.0,0.0,yes,"The changes involve modifying existing code, which could pose security concerns."
elastic-logstash-640,gpt-35-turbo-16k,p4,1608.0,0.0,yes,"The changes involve adding a new dependency on the 'twitter' gem, which could pose security concerns."
elastic-logstash-6536,gpt-35-turbo-16k,p4,1863.0,0.0,yes,"The changes involve modifying existing code by renaming the attribute 'number_of_periods' to 'number_of_elapsed_periods' in the 'CpuStats' class. This modification could impact the functionality and behavior of the application, and therefore a static analysis using CodeQL should be performed."
elastic-logstash-13648,gpt-35-turbo-16k,p4,2168.0,0.0,yes,"The changes involve modifications to source code, including adding new code and modifying existing code, which could pose security concerns."
elastic-logstash-14835,gpt-35-turbo-16k,p4,1233.0,0.0,yes,The changes involve modifying the source code by adding a new command to download and install the Public Signing Key. This change could potentially introduce security vulnerabilities.
elastic-logstash-4605,gpt-35-turbo-16k,p4,1243.0,0.0,yes,"The changes involve modifying existing code, which could pose security concerns."
elastic-logstash-14009,gpt-35-turbo-16k,p4,2427.0,0.0,yes,"The changes involve adding new code and modifying existing code, which could pose security concerns."
elastic-logstash-1377,gpt-35-turbo-16k,p4,2500.0,0.0,yes,"The changes involve modifications to source code, including adding new variables and modifying existing code, which could pose security concerns."
elastic-logstash-224,gpt-35-turbo-16k,p4,1017.0,0.0,yes,"The changes involve adding new variables and modifying existing code, which could pose security concerns."
elastic-logstash-3420,gpt-35-turbo-16k,p4,917.0,0.0,no,"The changes involve only modifications to non-code elements (locales file), which do not impact the operation of the application."
elastic-logstash-7080,gpt-35-turbo-16k,p4,1249.0,0.0,yes,"The changes involve adding new variables and modifying existing code, which could pose security concerns."
elastic-logstash-6152,gpt-35-turbo-16k,p4,,,yes,too many characters
elastic-logstash-9926,gpt-35-turbo-16k,p4,1069.0,0.0,yes,The changes involve modifying existing code by changing the timeout value for two test methods. This modification could impact the behavior of the application and should be analyzed for potential security concerns.
elastic-logstash-9328,gpt-35-turbo-16k,p4,1462.0,0.0,yes,"The changes involve modifications to the source code, including adding a new condition and modifying a loop. These changes could potentially introduce security vulnerabilities."
elastic-logstash-13822,gpt-35-turbo-16k,p4,918.0,0.0,no,"The changes involve only the deletion of a file, which does not impact the operation of the application."
elastic-logstash-11749,gpt-35-turbo-16k,p4,973.0,0.0,yes,"The changes involve adding new code to initialize worker loops, which could impact the execution of the application."
elastic-logstash-1145,gpt-35-turbo-16k,p4,984.0,0.0,yes,"The changes involve modifying existing code, which could pose security concerns."
elastic-logstash-11315,gpt-35-turbo-16k,p4,1115.0,0.0,yes,"The changes involve modifying the source code by adding new variables and modifying existing code, which could pose security concerns."
elastic-logstash-14667,gpt-35-turbo-16k,p4,968.0,0.0,yes,"The changes involve adding new exclude paths, which could impact the behavior of the application and pose security concerns."
elastic-logstash-9774,gpt-35-turbo-16k,p4,1244.0,0.0,no,"The changes involve only modifications to markdown files, which do not impact the operation of the application."
elastic-logstash-13442,gpt-35-turbo-16k,p4,2148.0,0.0,yes,"The changes involve modifications to the Dockerfile, which could impact the security and functionality of the application."
elastic-logstash-9546,gpt-35-turbo-16k,p4,989.0,0.0,no,"The changes involve only modifications to markdown files, which do not impact the operation of the application."
elastic-logstash-13670,gpt-35-turbo-16k,p4,,,yes,too many characters
elastic-logstash-11127,gpt-35-turbo-16k,p4,,,yes,too many characters
elastic-logstash-678,gpt-35-turbo-16k,p4,901.0,0.0,yes,"The changes involve modifying existing code, which could pose security concerns."
elastic-logstash-14455,gpt-35-turbo-16k,p4,1181.0,0.0,yes,The changes involve modifying the version of 'jruby-complete' in the buildscript dependencies and updating the version and sha1 of 'jruby' in the versions.yml file. These changes could impact the behavior and security of the application.
elastic-logstash-9122,gpt-35-turbo-16k,p4,1185.0,0.0,yes,"The changes involve modifying existing code, which could pose security concerns."
elastic-logstash-6956,gpt-35-turbo-16k,p4,1946.0,0.0,yes,"The changes involve modifications to the source code, including adding new variables and modifying existing code."
elastic-logstash-13214,gpt-35-turbo-16k,p4,2490.0,0.0,yes,"The changes involve modifications to source code, such as adding new variables and modifying existing code, which could pose security concerns."
elastic-logstash-10491,gpt-35-turbo-16k,p4,1994.0,0.0,yes,"The changes involve modifications to source code, including adding new variables and modifying existing code."
elastic-logstash-14031,gpt-35-turbo-16k,p4,938.0,0.0,yes,"The changes involve modifying the version of the bundled JDK, which could impact the security and compatibility of the application."
elastic-logstash-1941,gpt-35-turbo-16k,p4,1989.0,0.0,yes,"The changes involve modifying code snippets, which could introduce security vulnerabilities."
elastic-logstash-812,gpt-35-turbo-16k,p4,1409.0,0.0,yes,"The changes involve adding new code snippets and modifying existing code, which could pose security concerns."
elastic-logstash-11771,gpt-35-turbo-16k,p4,1566.0,0.0,no,"The changes involve only modifications to non-code elements, such as configuration files and documentation. These changes do not impact the operation of the application."
elastic-logstash-9310,gpt-35-turbo-16k,p4,2412.0,0.0,yes,"The changes involve modifications to source code, including adding new variables and modifying method signatures, which could pose security concerns."
elastic-logstash-13026,gpt-35-turbo-16k,p4,,,yes,too many characters
elastic-logstash-15117,gpt-35-turbo-16k,p4,2730.0,0.0,yes,"The changes involve modifications to source code, including adding new variables and modifying existing code, which could pose security concerns."
elastic-logstash-10657,gpt-35-turbo-16k,p4,1224.0,0.0,yes,"The changes involve modifying existing code, which could pose security concerns."
elastic-logstash-1189,gpt-35-turbo-16k,p4,1119.0,0.0,yes,"The changes involve modifying the setup_java function, which could impact the execution of the application and potentially introduce security vulnerabilities."
elastic-logstash-12100,gpt-35-turbo-16k,p4,865.0,0.0,yes,"The changes involve modifying existing code, which could pose security concerns."
elastic-logstash-10233,gpt-35-turbo-16k,p4,,,yes,too many characters
elastic-logstash-9780,gpt-35-turbo-16k,p4,866.0,0.0,no,"The changes involve only modifications to non-code elements (locales file), which do not impact the operation of the application."
elastic-logstash-8652,gpt-35-turbo-16k,p4,1690.0,0.0,yes,"The changes involve modifying the repositories in the build.gradle files, which could impact the dependencies and introduce security concerns."
elastic-logstash-12564,gpt-35-turbo-16k,p4,1763.0,0.0,yes,"The changes involve modifications to Gemfile.template, rubyUtils.gradle, versions.yml, and helpers.rb, which could pose security concerns."
elastic-logstash-3088,gpt-35-turbo-16k,p4,879.0,0.0,yes,"The changes involve modifying the value of the LOGSTASH_VERSION variable, which could impact the behavior of the application."
elastic-logstash-13684,gpt-35-turbo-16k,p4,1129.0,0.0,yes,"The changes involve modifications to the Logstash configuration file, which could impact the security and operation of the application."
elastic-logstash-12756,gpt-35-turbo-16k,p4,,,yes,too many characters
elastic-logstash-7428,gpt-35-turbo-16k,p4,1342.0,0.0,yes,"The changes involve adding new variables and modifying existing code, which could pose security concerns."
elastic-logstash-24,gpt-35-turbo-16k,p4,1559.0,0.0,yes,"The changes involve modifications to source code, such as fixing typos and updating comments, which could impact the operation of the application."
elastic-logstash-10001,gpt-35-turbo-16k,p4,1186.0,0.0,yes,"The changes involve modifying existing code by adding new conditional statements and renaming variables, which could pose security concerns."
octodemo-demo-vulnerabilities-ghas-116,gpt-35-turbo-16k,p4,1421.0,0.0,yes,The changes involve adding a new file that sets up a workflow for performing a Codacy security scan. This could potentially identify security issues in the codebase.
elastic-logstash-13825,gpt-35-turbo-16k,p4,4940.0,0.0,yes,"The changes involve modifications to the build.gradle file, adding new JVM options and modifying existing ones. These changes could potentially impact the security and performance of the application."
elastic-logstash-6367,gpt-35-turbo-16k,p4,2651.0,0.0,yes,"The changes involve adding new variables and modifying existing code, which could pose security concerns."
elastic-logstash-13019,gpt-35-turbo-16k,p4,1975.0,0.0,no,"The changes involve only modifications to non-code elements, such as markdown files, which do not impact the operation of the application."
elastic-logstash-4430,gpt-35-turbo-16k,p4,1528.0,0.0,yes,"The changes involve modifying existing code, which could pose security concerns."
elastic-logstash-1142,gpt-35-turbo-16k,p4,1122.0,0.0,no,"The changes involve only modifications to non-code elements, such as the CHANGELOG and version.rb files. These changes do not impact the operation of the application."
elastic-logstash-14832,gpt-35-turbo-16k,p4,907.0,0.0,yes,"The changes involve adding a new gem dependency, which could introduce security vulnerabilities or compatibility issues."
elastic-logstash-4602,gpt-35-turbo-16k,p4,,,yes,too many characters
elastic-logstash-223,gpt-35-turbo-16k,p4,1017.0,0.0,yes,"The changes involve adding new variables and modifying existing code, which could pose security concerns."
elastic-logstash-1370,gpt-35-turbo-16k,p4,1293.0,0.0,yes,"The changes involve modifications to the firewall patterns, which could impact the security of the application."
elastic-logstash-6969,gpt-35-turbo-16k,p4,1405.0,0.0,yes,"The changes involve modifying existing code, which could pose security concerns."
elastic-logstash-9921,gpt-35-turbo-16k,p4,1352.0,0.0,yes,"The changes involve adding new files and modifying existing files, which could pose security concerns."
elastic-logstash-11118,gpt-35-turbo-16k,p4,1235.0,0.0,no,"The changes involve only modifications to non-code elements, such as markdown files and comments, which do not impact the operation of the application."
elastic-logstash-647,gpt-35-turbo-16k,p4,933.0,0.0,yes,"The changes involve modifying existing code, which could potentially introduce security vulnerabilities."
elastic-logstash-9579,gpt-35-turbo-16k,p4,5149.0,0.0,yes,"The changes involve adding new tasks and dependencies in the build.gradle file, which could impact the build process and introduce security vulnerabilities."
elastic-logstash-8699,gpt-35-turbo-16k,p4,1794.0,0.0,yes,"The changes involve modifications to source code, including adding new variables and modifying existing code, which could pose security concerns."
elastic-logstash-6703,gpt-35-turbo-16k,p4,,,yes,too many characters
elastic-logstash-4868,gpt-35-turbo-16k,p4,,,yes,too many characters
elastic-logstash-14658,gpt-35-turbo-16k,p4,957.0,0.0,no,"The changes involve only modifications to documentation files, which do not impact the operation of the application."
elastic-logstash-475,gpt-35-turbo-16k,p4,1178.0,0.0,yes,"The changes involve adding new code and modifying existing code, which could pose security concerns."
elastic-logstash-4292,gpt-35-turbo-16k,p4,1526.0,0.0,yes,"The changes involve modifications to the logstash script and logstash.lib.sh, which could impact the operation of the application and potentially introduce security vulnerabilities."
octodemo-demo-vulnerabilities-ghas-129,gpt-35-turbo-16k,p4,877.0,0.0,yes,"The changes involve modifying the version of a dependency in the pom.xml file, which could impact the security and functionality of the application."
elastic-logstash-10802,gpt-35-turbo-16k,p4,,,yes,too many characters
elastic-logstash-12769,gpt-35-turbo-16k,p4,1080.0,0.0,no,"The changes involve only modifications to markdown files, which do not impact the operation of the application."
elastic-logstash-13489,gpt-35-turbo-16k,p4,4977.0,0.0,no,"The changes involve only modifications to non-code elements, such as binary files and script files, which do not impact the operation of the application."
elastic-logstash-7625,gpt-35-turbo-16k,p4,2180.0,0.0,yes,"The changes involve modifications to the Accessors and PathCache classes, which could potentially introduce security vulnerabilities."
elastic-logstash-5172,gpt-35-turbo-16k,p4,2112.0,0.0,no,"The changes involve only modifications to non-code elements, such as markdown files, which do not impact the operation of the application."
elastic-logstash-481,gpt-35-turbo-16k,p4,,,yes,too many characters
elastic-logstash-8209,gpt-35-turbo-16k,p4,1404.0,0.0,no,"The changes involve only modifications to markdown files, which do not impact the operation of the application."
elastic-logstash-12903,gpt-35-turbo-16k,p4,1025.0,0.0,yes,"The changes involve modifying the Dockerfile, which could impact the security and functionality of the application."
elastic-logstash-10668,gpt-35-turbo-16k,p4,1000.0,0.0,no,"The changes involve only modifications to markdown files, which do not impact the operation of the application."
elastic-logstash-5724,gpt-35-turbo-16k,p4,2309.0,0.0,yes,"The changes involve deleting files, which could impact the operation of the application."
elastic-logstash-11588,gpt-35-turbo-16k,p4,2402.0,0.0,yes,"The changes involve adding important security warnings related to macOS Gatekeeper, which could impact the security of the application."
elastic-logstash-1384,gpt-35-turbo-16k,p4,912.0,0.0,yes,"The changes involve modifying regular expressions in the code, which could impact the behavior of the application and introduce security vulnerabilities."
elastic-logstash-15128,gpt-35-turbo-16k,p4,1089.0,0.0,yes,"The changes involve modifying the version numbers of logstash and logstash-core, which could impact the functionality and security of the application."
elastic-logstash-2501,gpt-35-turbo-16k,p4,3060.0,0.0,yes,"The changes involve adding new variables, modifying URLs, and installing new packages, which could pose security concerns."
elastic-logstash-7073,gpt-35-turbo-16k,p4,,,yes,too many characters
elastic-logstash-8807,gpt-35-turbo-16k,p4,1053.0,0.0,yes,"The changes involve modifying the version numbers of dependencies, which could impact the behavior and security of the application."
elastic-logstash-11575,gpt-35-turbo-16k,p4,,,yes,too many characters
elastic-logstash-14007,gpt-35-turbo-16k,p4,953.0,0.0,no,"The changes involve only modifications to non-code elements (JSON file), which do not impact the operation of the application."
elastic-logstash-1379,gpt-35-turbo-16k,p4,1098.0,0.0,yes,"The changes involve modifying the version of the 'march_hare' gem, which could impact the functionality and security of the application."
elastic-logstash-9114,gpt-35-turbo-16k,p4,958.0,0.0,yes,"The changes involve modifying existing code, which could potentially introduce security vulnerabilities."
elastic-logstash-6960,gpt-35-turbo-16k,p4,1295.0,0.0,yes,"The changes involve modifying existing code, which could pose security concerns."
elastic-logstash-9928,gpt-35-turbo-16k,p4,1053.0,0.0,no,"The changes involve only modifications to markdown files, which do not impact the operation of the application."
elastic-logstash-13222,gpt-35-turbo-16k,p4,1404.0,0.0,no,"The changes involve only modifications to documentation files, which do not impact the operation of the application."
elastic-logstash-13010,gpt-35-turbo-16k,p4,2608.0,0.0,yes,"The changes involve modifications to source code, including adding new dependencies and removing code snippets. These changes could introduce security vulnerabilities."
elastic-logstash-11747,gpt-35-turbo-16k,p4,,,yes,too many characters
elastic-logstash-824,gpt-35-turbo-16k,p4,844.0,0.0,yes,"The changes involve adding a new runtime dependency, which could pose security concerns."
elastic-logstash-10695,gpt-35-turbo-16k,p4,1724.0,0.0,yes,"The changes involve modifying source code in multiple files, which could pose security concerns."
elastic-logstash-8690,gpt-35-turbo-16k,p4,,,yes,too many characters
elastic-logstash-9742,gpt-35-turbo-16k,p4,3958.0,0.0,yes,"The changes involve adding new variables and modifying existing code, which could pose security concerns."
elastic-logstash-13474,gpt-35-turbo-16k,p4,1128.0,0.0,yes,"The changes involve adding new environment variables, which could pose security concerns."
elastic-logstash-11323,gpt-35-turbo-16k,p4,1541.0,0.0,no,"The changes involve only modifications to documentation files, which do not impact the operation of the application."
elastic-logstash-14651,gpt-35-turbo-16k,p4,1716.0,0.0,yes,"The changes involve modifications to the script, including adding a case statement and modifying the build command. These changes could potentially introduce security vulnerabilities."
elastic-logstash-11111,gpt-35-turbo-16k,p4,1847.0,0.0,yes,"The changes involve modifying the versions of dependencies in the Gemfile.lock, which could introduce security vulnerabilities or compatibility issues."
elastic-logstash-9570,gpt-35-turbo-16k,p4,4361.0,0.0,yes,"The changes involve adding new variables and modifying existing code, which could pose security concerns."
elastic-logstash-3876,gpt-35-turbo-16k,p4,1670.0,0.0,yes,"The changes involve adding a new file and modifying an existing file, which could pose security concerns."
elastic-logstash-6538,gpt-35-turbo-16k,p4,,,yes,too many characters
elastic-logstash-13646,gpt-35-turbo-16k,p4,2942.0,0.0,no,"The changes involve only modifications to non-code elements, such as markdown files, which do not impact the operation of the application."
elastic-logstash-8664,gpt-35-turbo-16k,p4,1117.0,0.0,yes,"The changes involve modifying the versions of logstash and logstash-core, which could impact the functionality and security of the application."
elastic-logstash-10205,gpt-35-turbo-16k,p4,1043.0,0.0,no,"The changes involve only modifications to non-code elements, such as markdown files, which do not impact the operation of the application."
elastic-logstash-488,gpt-35-turbo-16k,p4,972.0,0.0,yes,"The changes involve modifying existing code, which could potentially introduce security vulnerabilities."
elastic-logstash-5947,gpt-35-turbo-16k,p4,,,yes,too many characters
elastic-logstash-4895,gpt-35-turbo-16k,p4,,,yes,too many characters
elastic-logstash-14497,gpt-35-turbo-16k,p4,895.0,0.0,yes,"The changes involve adding a new setting 'monitoring.cluster_uuid', which could impact the behavior of the application and pose security concerns."
octodemo-demo-vulnerabilities-ghas-120,gpt-35-turbo-16k,p4,1710.0,0.0,yes,"The changes involve adding new files, which could potentially introduce security vulnerabilities."
elastic-logstash-8456,gpt-35-turbo-16k,p4,1240.0,0.0,yes,"The changes involve adding new code snippets and modifying existing code, which could pose security concerns."
elastic-logstash-9584,gpt-35-turbo-16k,p4,1044.0,0.0,yes,"The changes involve adding new code snippets and modifying existing code, which could pose security concerns."
elastic-logstash-12,gpt-35-turbo-16k,p4,1986.0,0.0,yes,"The changes involve adding new dependencies (CGI) and modifying the AMQP settings, which could pose security concerns."
elastic-logstash-2950,gpt-35-turbo-16k,p4,887.0,0.0,yes,"The changes involve modifying the LOGSTASH_VERSION variable, which could impact the behavior of the application and potentially introduce security concerns."
elastic-logstash-11581,gpt-35-turbo-16k,p4,1072.0,0.0,no,"The changes involve only modifications to non-code elements, such as comments and markdown files, which do not impact the operation of the application."
elastic-logstash-10453,gpt-35-turbo-16k,p4,2148.0,0.0,yes,"The changes involve additions to the 'expectedNoticeOutput.txt' file, which could indicate changes in the third-party libraries used by the application. These changes could potentially introduce security vulnerabilities."
elastic-logstash-15121,gpt-35-turbo-16k,p4,1222.0,0.0,yes,"The changes involve modifications to the source code, including changes to the component name, description, owner, and system. These changes could potentially impact the security of the application."
elastic-logstash-6994,gpt-35-turbo-16k,p4,4126.0,0.0,yes,"The changes involve adding new files and modifying existing files, which could pose security concerns."
elastic-logstash-7846,gpt-35-turbo-16k,p4,3064.0,0.0,yes,"The changes involve modifications to source code, including adding new variables and modifying existing code, which could pose security concerns."
elastic-logstash-12304,gpt-35-turbo-16k,p4,,,yes,too many characters
elastic-logstash-8200,gpt-35-turbo-16k,p4,850.0,0.0,yes,"The changes involve adding new files to the .gitignore, which could indicate the addition of sensitive or confidential information that should not be tracked by version control."
elastic-logstash-7248,gpt-35-turbo-16k,p4,922.0,0.0,yes,"The changes involve modifying existing code by removing a line of code, which could impact the behavior of the application."
elastic-logstash-1983,gpt-35-turbo-16k,p4,1431.0,0.0,yes,"The changes involve adding a new file and modifying existing code, which could pose security concerns."
elastic-logstash-10661,gpt-35-turbo-16k,p4,920.0,0.0,no,"The changes involve only modifications to non-code elements, such as comments, which do not impact the operation of the application."
elastic-logstash-15313,gpt-35-turbo-16k,p4,1715.0,0.0,no,"The changes involve only modifications to non-code elements, such as markdown files and comments, which do not impact the operation of the application."
elastic-logstash-13679,gpt-35-turbo-16k,p4,952.0,0.0,no,"The changes involve only modifications to non-code elements, such as comments and markdown files, which do not impact the operation of the application."
elastic-logstash-671,gpt-35-turbo-16k,p4,1444.0,0.0,yes,"The changes involve adding a new file and modifying existing code, which could pose security concerns."
elastic-logstash-1722,gpt-35-turbo-16k,p4,888.0,0.0,yes,"The changes involve modifying existing code, which could pose security concerns."
elastic-logstash-4062,gpt-35-turbo-16k,p4,938.0,0.0,no,"The changes involve only modifications to markdown files, which do not impact the operation of the application."
elastic-logstash-443,gpt-35-turbo-16k,p4,1416.0,0.0,yes,"The changes involve modifying existing code, which could pose security concerns."
elastic-logstash-12599,gpt-35-turbo-16k,p4,1221.0,0.0,yes,"The changes involve modifying existing code, which could pose security concerns."
elastic-logstash-11778,gpt-35-turbo-16k,p4,1064.0,0.0,no,"The changes involve only modifications to non-code elements (markdown files), which do not impact the operation of the application."
elastic-logstash-1174,gpt-35-turbo-16k,p4,1202.0,0.0,no,"The changes involve only modifications to markdown files, which do not impact the operation of the application."
elastic-logstash-13813,gpt-35-turbo-16k,p4,1790.0,0.0,no,"The changes involve only modifications to non-code elements, such as markdown files, which do not impact the operation of the application."
elastic-logstash-7283,gpt-35-turbo-16k,p4,,,yes,too many characters
elastic-logstash-9917,gpt-35-turbo-16k,p4,988.0,0.0,yes,"The changes involve adding an @Ignore annotation to a test method, which could indicate a potential issue or bug that needs further investigation."
elastic-logstash-6163,gpt-35-turbo-16k,p4,,,yes,too many characters
elastic-logstash-4634,gpt-35-turbo-16k,p4,1041.0,0.0,no,"The changes involve only modifications to non-code elements, such as comments and URLs, which do not impact the operation of the application."
